"ytid","split"
"-0Gj8-vB1q4","train"
"-0SdAVK79lg","val"
"-0vPFx-wRRI","val"
"-1LrH01Ei1w","train"
"-1OlgJWehn8","train"
"-1UWSisR2zo","val"
"-3Kv4fdm7Uk","test"
"-4NLarMj4xU","train"
"-4SYC2YgzL8","train"
"-5FoeegAgvU","train"
"-5f6hjZf9Yw","train"
"-5xOcMJpTUk","train"
"-6HBGg1cAI0","val"
"-6QGvxvaTkI","train"
"-6pcgdLfb_A","train"
"-7B9tPuIP-w","train"
"-7wUQP6G5EQ","val"
"-88me9bBzrk","train"
"-8C-gydUbR8","test"
"-8cgbhIR_pw","test"
"-BHPu-dPmWQ","val"
"-BIMKnb3tlo","train"
"-Bu7YaslRW0","test"
"-ByoSbgzr4M","train"
"-CUp_Tmg2Y0","val"
"-DeAdhYKbGE","train"
"-Dtir74TiUM","train"
"-EVRXQpt1-8","val"
"-FEPOSP7ay0","train"
"-FFx68qSAuY","test"
"-Gf4Ihv1zwc","train"
"-IZbvEO9wzU","train"
"-JVWfFPBl84","val"
"-JvB5AL59fM","train"
"-M-6VinyMiY","val"
"-M6K3QoHh40","train"
"-NmjCyqIavI","train"
"-O9mnfC61Ac","train"
"-OAyRsvFGgc","test"
"-OUIEnuNd1I","train"
"-Q9MTRXS4bE","train"
"-R0267o4lLk","train"
"-RYtUAsNhF0","train"
"-SD43H5B5hE","train"
"-SWaCArvQug","train"
"-T4GeTHKtJQ","train"
"-U16iKiXGuY","val"
"-Umconw-CRE","test"
"-UuEBhule84","train"
"-VI2IRq17rs","train"
"-VclCul6FrI","test"
"-Vo4CAMX26U","val"
"-W5c6CeUMPE","train"
"-WvVG0wHcTc","test"
"-XN0NtrnfMY","train"
"-XkbErI_7EU","train"
"-YATTKBtmRA","test"
"-YIT4HBM__g","train"
"-ZHpNr_KRXU","train"
"-_6RxZyi30Q","train"
"-_OzT7Xyvok","train"
"-bgHkxwoliw","val"
"-cLzki-B06o","train"
"-cQ-jUTEgck","train"
"-dVgUSrR8g4","train"
"-e4wXAy1iVo","train"
"-eDAoheZrY8","train"
"-f1DNyngKVY","train"
"-f6s6kQEHFY","test"
"-fxh7jAJR8U","train"
"-hSMzrWZCAE","test"
"-hYRFCQdbLg","val"
"-i9gpG3vPwA","train"
"-i9uQMysy_A","train"
"-jpbCWcz2pk","train"
"-lPXTBXa0tE","train"
"-m5ZlWziIeA","train"
"-m9pH0WXQto","train"
"-mA_bqD1tgU","test"
"-mB_XLq6g1g","val"
"-nlkWWphiaM","train"
"-o0ZtQIkM60","val"
"-oP-XX28B0s","test"
"-pUfYFcsgG4","test"
"-qcTD2o6I9s","train"
"-r2-9oyIzkQ","train"
"-r7iz-9v9bA","train"
"-rAhS48FkYw","test"
"-sRFfU8k0Zs","train"
"-tKZOl4q1Kw","train"
"-taO6N-rxv4","test"
"-tmY1GEH3_Y","train"
"-uaTK8sa5Ms","train"
"-v5hgCh3M2w","test"
"-w12aSkQ9No","train"
"-w4HLksto_k","train"
"-w8maIWtnUk","train"
"-wVWjl9Kq6U","train"
"-wymN80CiYU","train"
"-zA6LL78KYU","train"
"-zOybsEdM5E","train"
"0-7PyzhzuYQ","test"
"01PzcPKT3_E","test"
"01hjVJN9xCg","train"
"0298WjE3_tk","val"
"02Qntw26enM","train"
"03z0rpIkm5g","train"
"04NjXsLyCl4","train"
"05JAmKFVy44","train"
"05OJDYeHLMc","train"
"06Brdf83RZE","val"
"06IU9WsEp3s","val"
"07-3grCQ8EU","train"
"07-vpXo91XM","train"
"07FxCXxknY4","train"
"07mS0mSTDjY","train"
"07xGXxIHOL4","train"
"08mf5GxT820","train"
"08u-jdwjM74","val"
"09lQmg2wvsY","train"
"0ADP-O_V3vA","train"
"0AGHo8V8HpM","val"
"0AhX-ReXovI","train"
"0BFauf6TGGU","train"
"0DYH0sqDXB8","train"
"0DizopdPMBw","train"
"0EOQco76eXQ","train"
"0EvpBtracsk","val"
"0EzWmAPwoTs","train"
"0F-Z0zF1504","train"
"0Gxn9FtaJFc","train"
"0H3FAoDgzhI","train"
"0HXYdGGKV2k","test"
"0ISHZQJdeSw","train"
"0J_TdiZ3TKA","train"
"0JbGxIR8JTk","train"
"0K-zyeLuKho","train"
"0L2ndtt60Q8","test"
"0L3vcdzQPPU","train"
"0LE6Ll1rVlg","train"
"0M7nETLOsKQ","train"
"0MzrXd8CUCg","train"
"0NTzOtVmoiU","train"
"0NZY0GHQBP0","train"
"0ONdm4sW47c","train"
"0OY8XXZ98rw","train"
"0OYlHvyfNk4","train"
"0OhtODbKajw","test"
"0Olm321vgk8","train"
"0PMFAO4TIU4","train"
"0Q1JLNfm8oU","train"
"0QAaln-hjPw","train"
"0QYNC7J05XI","train"
"0RDz0rLakwc","train"
"0RgGrVklaao","test"
"0RpkkfkUBRU","train"
"0S5zWt91Bwo","train"
"0SNhAKyXtC8","train"
"0SnjS2w_c80","train"
"0TV9zvfwFhs","train"
"0TiEO149Ydc","val"
"0Ubu4BqSWmU","train"
"0VwX92X3iPc","train"
"0Wdh45yt7tY","train"
"0XxinBtKouQ","train"
"0ZNFJz-eZTU","train"
"0ZXWSO_Y2C0","train"
"0_QcatLmg7c","train"
"0_XItMAYkwc","train"
"0_hH79HnEdo","train"
"0a6uLBmqZgA","val"
"0a91szM1Ivw","test"
"0abzD7hBTRk","train"
"0bP2MH3LqvI","train"
"0bRUkLsttto","train"
"0bvPjMQ_WbE","train"
"0c1YU_VtFRE","train"
"0cNYPgD6cEA","test"
"0dPx94RPy2M","train"
"0ewQiU3q5jM","train"
"0ewWspUqB6Y","test"
"0fCpAuxrQ_I","test"
"0fiOM---7QI","train"
"0fqtA_ZBn_8","train"
"0hfU27A6tus","train"
"0hw_BB4QN34","test"
"0jFQ21A6GRA","test"
"0kQD1P0_KUs","train"
"0kQjfwXjFuY","test"
"0lIETNZ_7sg","val"
"0m9-5BkL4Mc","train"
"0nNmbkU8GBI","train"
"0nk7utNkHOY","train"
"0oIFGARD9xE","train"
"0pewITE1550","test"
"0q-80dzp6PU","test"
"0qtbbK5HVMw","train"
"0rNr_qnoPQ4","train"
"0s0Uy0-zBa0","test"
"0sPVAP17w2U","val"
"0soVCtJgDTk","train"
"0trWdhSvab4","val"
"0u1sk49gAU0","train"
"0u4gY1bBUwQ","test"
"0u5-WiBKam8","train"
"0vFPs6XsU_Q","val"
"0wYi8B9PXDY","train"
"0wzsE67O5tE","train"
"0x6chChxzV0","val"
"0zolXzR9Oi4","train"
"1-Y9kafYuqQ","train"
"10dur7jhFQM","train"
"11D0JdB7_4k","train"
"11FeId69WOk","train"
"11fNNN95_og","test"
"13n6n6nKMhI","val"
"14hTDUjCr_g","train"
"15CZ2h5VL-A","val"
"15Mw2jyyHk0","test"
"15z-gbPxdXg","train"
"16F5fdORzSo","train"
"16TsDMjHzYU","train"
"17AtKbQ7glU","test"
"18mS4cLPOb8","train"
"19-GI2LzOtc","test"
"19Pp9QEw17U","val"
"1ACn3u5UnBw","train"
"1AOe82obwcY","train"
"1ArUx6UCxe4","test"
"1BVSYfNCcv0","train"
"1Ccis4FDGwY","test"
"1DNoynuGLV4","train"
"1FU5odlgLmo","train"
"1FnA3w94zXI","train"
"1FnT0RrfMEA","train"
"1GCOnj53QYM","val"
"1IK4OeOqAEo","train"
"1ILLsA6gqHE","train"
"1IMi7yfZVVM","train"
"1Is1xfDjZrw","train"
"1JpeDWbgUO8","train"
"1JqNiV03kog","train"
"1JwoLPCIGhs","val"
"1KN3GrwhY8c","val"
"1KmsVHx7E2c","train"
"1LA64TXatWk","val"
"1MwaXCfUvX8","train"
"1O4LpU7HggY","test"
"1OIfQHKnAcw","train"
"1PKxdTlquCA","train"
"1PN-bfs2EhY","train"
"1PSzSTilu_s","train"
"1Q9DXhXMSFI","val"
"1QFli7KSXAQ","val"
"1QSD-dzEv7Y","test"
"1RRGInmOhTQ","train"
"1Rd1w7Ty1ak","train"
"1RhYdQnZ_hw","train"
"1RwhRTe-OKk","train"
"1SqihV_DnEg","train"
"1ToIyrmWFjw","train"
"1V7ReAk9k-4","test"
"1VKSpjXZvKo","train"
"1W2Cz2Jj76Q","val"
"1W2FOzSXsxs","val"
"1WlvXneu6oY","val"
"1Xtkou9dtyA","train"
"1ZaxqZMs21M","train"
"1_YHHL_t2GI","train"
"1a_nvi4sW64","train"
"1bSP4wLfMpA","train"
"1cqcTbDxsHM","train"
"1cwGW0cBdRs","train"
"1dt9eL2rmSY","train"
"1gDNqOQFopY","train"
"1h2sb2xeCt8","train"
"1hABzqBHh7w","train"
"1hWAOReJehw","val"
"1heMbyumHAo","train"
"1j13NdQiw8c","train"
"1j3pXUr8R4M","train"
"1j4rFfU5XKQ","test"
"1jATjKL2vAE","val"
"1jptuEjuTig","train"
"1kYDbl5Y9Sg","val"
"1l7BjFDQLUM","train"
"1lgqqW5TsJk","train"
"1ls3ectO1F4","val"
"1mB_cboJR8s","val"
"1nUqhH8bAPk","train"
"1o7iTDLNTFk","train"
"1pR0SgbqP3M","test"
"1rhsnmWLeGw","train"
"1tNkAc29aPE","train"
"1tz4xNRRR4M","test"
"1uHF1-8TcEk","val"
"1xhwyUVSRQk","test"
"1y1lEOGBcWM","test"
"1yGWdegJjA4","val"
"1yWGmdevTuM","train"
"1ypKEH2kd7g","train"
"20QZS9L5WeA","train"
"20Vh6z6Ie0E","train"
"21MgIcLN8Ow","train"
"23xC7lTBikU","test"
"244y56-vLWE","test"
"24cmo2fEQo8","train"
"26HLgXWF-Co","train"
"26IOFykrJrc","train"
"26jTWRMRoxY","train"
"28pkN4m1x6I","train"
"28wBrNjHXOM","train"
"298Q_pSLflU","train"
"2ATMQxWVpXk","train"
"2BBAUwC1BI4","train"
"2BGzxAuetOA","train"
"2CzfBZ1mYBs","train"
"2FQKfGCwjSE","train"
"2G4lyzAZ1vk","train"
"2GWkKVHxGRM","train"
"2GepmcbNlJY","val"
"2Gja9wBkz6U","train"
"2I6pPRWKsCQ","val"
"2Ic1zm9mBjk","train"
"2IpapScfsT4","train"
"2JNY2SaMk7s","train"
"2JnlmS1zzls","train"
"2JuMYUPMGGM","train"
"2KkNk9Ao7G4","train"
"2KwSyaLT_mw","train"
"2M-CFCo-rkY","train"
"2MZUbxulAI4","train"
"2MpzHv5KNZU","val"
"2Q20hVyYjBM","train"
"2RMOegT2Jn8","test"
"2RU4CSDzS-g","train"
"2SI_uNBcSyw","train"
"2SQxfaWAJJg","train"
"2SenLjPbGzU","test"
"2ShO1jZYZeA","val"
"2T1P9ovsl4A","val"
"2U8Dvh7nwFI","train"
"2UY_-oF1vqo","train"
"2Ui85-AOLyo","test"
"2UnlMwW8nyI","train"
"2VFVe0RCn7g","train"
"2WxUIkF2zEw","train"
"2YAyM0aHFRU","train"
"2YQPwRLB1s0","train"
"2ZB7DUGOdZw","test"
"2ZYzviKuq9w","train"
"2ZfthfWQowE","train"
"2ZgEbNi--8Q","train"
"2ZogsGp-T4o","val"
"2_Vk3tmqz-0","train"
"2_kLD3IbF2c","test"
"2_mFg42LlUI","val"
"2aPVOidHLXI","train"
"2bCuw7U_Rac","val"
"2bcnAoZbptI","train"
"2ctgUIqyaBk","train"
"2cxs73i3l1M","train"
"2cxvYC9QZac","train"
"2dyEnOo3yJ8","train"
"FteW_2gNtD4","train"
"SNhfvhWPXNc","train"
"SOzuJU25uGc","test"
"SPeGy815lFQ","train"
"SSO7F_Ex0s4","test"
"SSVlD_ZDb70","test"
"SU9ZP2pbqyU","train"
"SUclDZHax0w","train"
"SW4cW2oU07U","train"
"SWcEG8RLKsw","train"
"SWyF5TSxWso","train"
"SY6uwVbC944","val"
"SYVcaQ1Bzu8","test"
"S_Z7o4OmU30","train"
"Sa3Ky5sJshU","train"
"SbUwQctvbHg","train"
"ScAlKYCgHV0","val"
"Sdnv8043mdk","train"
"SijRZIQUa08","train"
"Simd4JoehW8","train"
"Sj5MQtqDw8Y","train"
"SkFG5SoXsVk","train"
"SkIDF7iNJQE","train"
"SkZ7mGbs3SI","train"
"Sl9ZkYViEIs","train"
"SlnjJv305Vg","train"
"Sp1YBy4h9OY","train"
"Sp3T_x3SGzQ","train"
"Sr2Grfi3lFg","train"
"SrLhnoBMyWM","train"
"Ss1bubMNPQE","train"
"SsVc1TAVsSc","test"
"SvsCM0fLM5g","train"
"SwRjY1-ojAU","train"
"SwaqANBpZGY","train"
"SwdhfGXkMCo","train"
"Swien0oGl7o","test"
"SxYnb9_qDtk","train"
"SyJT8XsFsmE","train"
"T0OFKHj6878","val"
"T0oF8MyYhBM","test"
"T0tyLNN7SKA","train"
"T0uoYE12cnI","test"
"T2pIUdaDMuA","train"
"T2zoWLYzEpo","train"
"T5YZwhC7Br8","train"
"T78nMdsJMmk","train"
"T7A0RejsZIo","train"
"T7ZSZhcsfjA","train"
"T7khbuOBHbo","train"
"T8U3ihbHh9A","train"
"T9dKp1EN4p8","test"
"T9fk99yqwN4","train"
"TA-O_bVnvLY","train"
"TArWNq2retM","train"
"TC4mH6nACm8","test"
"TCRxCAYyduo","train"
"TEWYFkjH2jc","train"
"TEoDtxjlctA","train"
"THfTLXBLpJE","val"
"THhptTKMr9U","train"
"TIASpLtI8ks","train"
"TIAj-fi_R7c","train"
"TIL8jEw8pSc","train"
"TJyzBaMwXFY","train"
"TKSFbf-wQ8I","train"
"TLMEsc_42Gw","train"
"TN53jpjqAGI","train"
"TObYoD2pGb0","train"
"TPYNIc_M1ng","train"
"TPdqEmS1Dr0","train"
"TSl5LrM6LcQ","train"
"TTytcT_1dmY","val"
"TWV3YLscSaw","train"
"TWm0OilO0uw","test"
"TWm_2QncYXg","val"
"TWnrcjA6VTk","train"
"TX9PGFdqRak","train"
"TZGDukKAVS8","train"
"TZlFTbvfKPE","train"
"T_d82v2g93w","train"
"Ta0GmXPnGWk","test"
"TabaOeYq2ek","test"
"TakkuFZJsis","train"
"TbA_TZn35LA","train"
"TbYahEEj_B4","train"
"TcJ7rdYMHiQ","val"
"TcoRmHHHNgI","train"
"TdHdD1wxu_0","train"
"TdvwUwpYYos","val"
"Tfc6184uCIk","train"
"TgCv5a22YUU","train"
"TgOr_C6xP6U","train"
"TiDdR-6bIcY","val"
"TiOBlG-R1Y4","test"
"TkHZdMJPwKc","test"
"TkclVqlyKx4","test"
"TnCXmm-v3Ys","train"
"TnJE6W6Z6mM","train"
"TokHdpvX7Es","train"
"Tp8PG2xae8c","train"
"TqWmuwAYmnI","train"
"TrvI6t4pAP0","val"
"Ts04bBeY1d4","train"
"Ts3ZcUaELzA","train"
"TsTdffJ9LHg","train"
"Tsmx6Pb7CnU","train"
"Tt3BnoJw8ds","train"
"Tvwi_YuLehk","train"
"TyMZJqYmrwE","test"
"TzPuAqjoL80","test"
"U-L9YCIdLbg","train"
"U-UF93NA3ko","val"
"U0sjbOT6hY4","train"
"U0xhbrULfNY","val"
"U3TpCc2zHrI","train"
"U4MdEIQcZxs","train"
"U4UtZeTl2DE","val"
"U6SYfguaJtk","test"
"U6aLiMIlqCc","train"
"U8XdDv5ERu4","train"
"U8yqYlErUz8","test"
"UBfHLeCBBsA","train"
"UCBocxMCdck","train"
"UC_XpUcIQ_8","train"
"UD0pisqyLKA","train"
"UDN11Q90Fa4","train"
"UDS6PrY9ZIM","train"
"UDTsCTLkZzc","train"
"UDg9vuBDtVU","train"
"UEOUXjX5R2I","train"
"UEel3wTf0Sk","train"
"UFyOGqmITjM","val"
"UGEqY_NTMpI","train"
"UHvYrO1IGCc","train"
"UIOnnpaqBy8","val"
"UJA5AWbt6HM","test"
"UJAk1nNdo1I","train"
"ULHPhjaJ6p0","train"
"UNJswfXKJ3s","train"
"UO9HtZMrbBE","train"
"UOKWQ2EHJQI","train"
"UPPHkyd7lwE","train"
"UQKLBsZJsww","test"
"UR3k09hOxI4","train"
"URM1QgX5Ar4","val"
"US3ZL2zhXgI","val"
"UUJ1DNycpiQ","train"
"UVMBRVJTvzg","train"
"UWl99yJsb8M","train"
"UXDzDV_f1jw","train"
"UY2_Q830lqo","train"
"Ubj0jlheyvk","train"
"UcNVLU-cRNg","train"
"UcS5U1mpbAE","train"
"Uc_1PzGr5xw","val"
"UcabTrKowlI","train"
"UeYmnV-B8so","val"
"UfEGX0rNOvA","val"
"UfZP677y3Dc","train"
"UhcoWyEQwBI","train"
"UhwJrftWAFg","val"
"UiiYMspxfhU","train"
"UjDh1OlOwuE","train"
"UkTWmyy7ia8","train"
"UkZ76EFfLSg","train"
"UkqayNnk00w","test"
"UnFEqUWTefM","test"
"Uo-Okq1D8Xo","train"
"UoGXR3V5Mro","train"
"UoSID1KzWuI","train"
"UoxHwOl2gN0","train"
"Ur8O3h8S0K4","train"
"UrgzGbGVV8I","train"
"UsHtZ7Bzi0s","train"
"UsdoUjuczY4","val"
"UtCRBs5p4EQ","train"
"UtZofZjccBs","test"
"Utl5it7YMUs","train"
"Uu8m1oOWkiE","train"
"UvCY9FHpKC8","test"
"Uvn7waPvseo","train"
"UwxatzcYf9Q","train"
"Ux1vBolJf5Q","train"
"Ux3YosKD-9I","train"
"UxT3KG4AHAI","train"
"UxlrI-9RtWg","train"
"UxrAsZ7Z09Y","val"
"UzDVZzIIcy8","train"
"UzT20Rf8RPA","train"
"V0zQHNmz0gU","test"
"V1A4wBgvPgI","train"
"V1M3HiUz0ZQ","train"
"V3Vvp5HS90k","train"
"V5HMIxuAtv8","val"
"V5xL8hLFY58","test"
"V7RPmwxyhBA","val"
"V9EFYFKlYbE","train"
"V9jIsOTC1lY","train"
"VAqPLAgn9NI","train"
"VAqgpoyD2jc","train"
"VB82vMSTYK0","train"
"VCIN1OJkNbg","train"
"VCozi4GDpxQ","train"
"VCrnnx9jTqs","train"
"VCusyLPrFCo","test"
"VDYqYuPzW8E","train"
"VG6-MlmCgzI","test"
"VHYxygh1STA","train"
"VHyXvbg6y9M","train"
"VJ-dpTx_3Cg","train"
"VJ1RqPqF9O4","train"
"VL6uF-XeE_A","train"
"VLjcIlZvkY0","train"
"VM-U7MyZAck","val"
"VMWW9OX1EJM","train"
"VMzn9GytUTk","train"
"VNjYW4OXqTs","train"
"VNzEAjztgxg","train"
"VP1cB_AVu6c","train"
"VRfi64fecj4","train"
"VSAbMy1Rlio","test"
"VSf3_XpiPkQ","train"
"VTOf24hbq0A","val"
"VTagIq90b7s","train"
"VV-DgnPPhSo","train"
"VV85n-ebuUU","val"
"VZJfkEet6EQ","train"
"VZfrDZhI7BU","train"
"VZjE27e9X7o","val"
"Vbcy6KBJsAA","val"
"Vbx6TFxSPYY","train"
"Vci2eZYzA-c","test"
"VdYakZ4Yciw","train"
"Ve6Zy1BXBbY","test"
"VeAomElRCJc","test"
"VeXcCHo5iMI","train"
"VfARCp38XtA","train"
"VfEJHqtsuIo","val"
"Vfcfj4OIJXE","train"
"VgwsGjRk61M","train"
"ViF7A7XODiw","test"
"VjXt63pqUgw","train"
"VjbRot21Hq0","train"
"VkVKGyWi2r4","train"
"VkXLtUx-RmI","train"
"VlXi2TxMXbc","train"
"VlgOLOoctm0","test"
"VlwbDjggUKk","train"
"VnJeG9RGUVM","test"
"Vo6eT8eMMfQ","val"
"VpIhbDN58mA","test"
"VpikuLP_9qQ","test"
"VrqBeY3kfKI","train"
"VsMy72BoIbU","train"
"VswY2mI7Wbo","train"
"Vt3HzkNtOP4","val"
"VtHkxrta5xQ","train"
"VuWr1HXHoZg","train"
"Vwekk3EOa-U","train"
"VwkRHbqpHqk","test"
"Vx4aO4-nr0c","train"
"Vx_vqfpRdUU","train"
"Vy00ycBpqpc","val"
"VzFpg271sm8","train"
"VzGHr0aV220","test"
"VzYc-c-uHjI","train"
"W-nkxlYTdV4","train"
"W00eTCOgUNs","train"
"W2EJai-3k2w","train"
"W2KaBnoGxek","train"
"W2nlA65AwtU","train"
"W3DwueAy65k","train"
"W3lKc2hj4XU","train"
"W4eLgBYEEqA","val"
"W58kioYp1Ms","train"
"W5BB6pubJZI","val"
"W5eOW25vvbw","val"
"W5t-T1vP2DU","train"
"W7KbboEOmeM","test"
"W7U-glgu4GM","val"
"W7i4LkdSfjw","train"
"W85w938G5ZM","train"
"W8Xv3Q2kGRA","train"
"WAxDN-FyPn8","train"
"WBBKiXYVEdM","test"
"WCiS9IDILQg","test"
"WCifI6rwOoM","train"
"WCl93HBuj60","test"
"WE0JqjuhaQI","train"
"WEVBqGarEIY","val"
"WEXJSNm_T0o","train"
"WFPGA_BYkKU","train"
"WI2d5vDJeLo","train"
"WIuLaxWIAAI","train"
"WJORWlj6BW8","train"
"WK-gdfCurCg","val"
"WKL40jfQD3g","train"
"WMtztIW1f6k","test"
"WNmAlKrAPjQ","train"
"WNv-YNn1cZ8","val"
"WO_Y7djT2k4","val"
"WPguqXCBQCI","train"
"WQsuFvw43RA","train"
"WRZGYDh7qRo","train"
"WSMdqFEjGXE","train"
"WSaCGNkM6_k","test"
"WT2iyJmKkc8","test"
"WTVC7ZI9WtY","train"
"WW4_c2J79QA","train"
"WWIT13tTW7c","train"
"WY73T0xaY0A","test"
"WYbD9YUrf_4","train"
"WYxXUBP_XaM","val"
"WZd2nT2Afds","train"
"W_979HkE4EI","train"
"W_zgEkvp4xU","val"
"WcC9sKxJ1gI","train"
"Wd4T3iTsgrI","test"
"Wd5l_FHGWfE","train"
"WditOomsdRU","train"
"Wdl7A3de0L4","train"
"Wdtku1dqJo0","train"
"WdxNikVdK-U","train"
"We-bFXFjWaM","train"
"We9P_UcHNk8","train"
"WeDA1mDFSCo","val"
"Weu8nsJRMqE","train"
"WgZ8KAnnTb8","train"
"Wgf7UYPVoAo","train"
"Wh5JSj89tW8","train"
"WhEd8h7J0Lk","train"
"WhNun_U3cRU","test"
"WhX3jQxHZWc","train"
"Wh_g-Eiw9Kc","train"
"WiAFUo2nxIk","train"
"Wil8e6kBxe8","train"
"WjPHxUtF9go","train"
"WkkhcwXpYy4","train"
"WmTDKYYH5OU","test"
"WmyHFkyiiF8","train"
"WmyhSRhWh3k","val"
"Wnl0qbVynL4","val"
"WoWF7gGzGVY","train"
"WoXgPQQjcJU","train"
"Wp5AiCmbQjA","val"
"WqC-fx3uNVE","test"
"Wr5sFgqxLzQ","test"
"WrpWb-Zumnc","val"
"WsDb16qzA5Q","val"
"WsaOJT2SsPg","train"
"WtN6uiDikRM","test"
"Wu-Oh9OJIlI","val"
"Wu3LKQG1fwU","train"
"WvaIypMvAHY","val"
"Wvg5rlMbjJc","train"
"Wvh59Y4OzUM","train"
"WxgolzWTmO4","train"
"WyGJdstaxK4","test"
"WySgNm8qH-I","val"
"X-uVubaJ3II","train"
"X0MN34Us6eE","val"
"X1_RmTiDC4I","train"
"X28GWrn9LlI","train"
"X2gHQb5ubco","train"
"X6Q53uXgaHc","train"
"X7LrhZX4rdU","test"
"X7qFgrAl3OU","train"
"X96v9LlsjJM","train"
"X9H8FzpVL8s","train"
"XDBxMQrRaFY","train"
"XE4NRSDLYG8","val"
"XEIP1OUXU8E","train"
"XFuw-m2gYOQ","train"
"XHczpbtBhk4","train"
"XI-tRuDZ6HA","train"
"XI9CNsX6JSE","train"
"XILyHZyyCik","train"
"XJ3VlCAIWQ0","train"
"XJXn88r9ys8","train"
"XKp670Yh0E0","train"
"XM4hxyK-Ddo","train"
"XNlFs7Yjauk","test"
"XOLVI1bgxqk","train"
"XOsHEjo-RSg","train"
"XPGtOugQ69U","train"
"XQB27QPic3k","val"
"XRQyoAk-Qz0","train"
"XS-3djsJWTA","train"
"XUD-9HkQuTE","val"
"XUzaEsoOlWQ","val"
"XW6tS4zAZ5E","train"
"XWVGQbfpA0k","train"
"XWhmLbnrtd0","train"
"XWj7nP7kfdQ","train"
"Z31gI08SMzI","train"
